id,username,email,created_at
1,calmorbit37,calmorbit37@acme.dev,2025-06-06 04:37:40
2,proudkernel15,proudkernel15@seeded.app,2025-09-03 15:57:17
3,jadevalley63,jadevalley63@acme.dev,2026-01-05 10:20:02
4,opalbeacon57,opalbeacon57@opswise.net,2024-07-10 18:27:37
5,warmzenith82,warmzenith82@relay.cloud,2024-12-13 18:31:08
6,livelyharvest71,livelyharvest71@example.com,2024-11-20 22:33:51
7,rapiduplink73,rapiduplink73@relay.cloud,2025-04-23 22:36:09
8,tidyvalley41,tidyvalley41@opswise.net,2024-05-16 21:56:27
9,warmnetwork98,warmnetwork98@seeded.app,2024-05-17 05:44:43
10,emberquartz41,emberquartz41@hackstack.io,2024-04-05 11:25:28
11,opalpioneer68,opalpioneer68@acme.dev,2025-05-22 02:41:03
12,ivorysignal81,ivorysignal81@example.com,2025-09-09 18:45:25
13,rapidisland77,rapidisland77@seeded.app,2025-07-05 12:39:39
14,embertrail53,embertrail53@hackstack.io,2025-05-18 16:10:29
15,embermeadow24,embermeadow24@opswise.net,2024-08-21 18:42:55
16,clearzenith29,clearzenith29@opswise.net,2025-05-05 21:16:24
17,jadebeacon06,jadebeacon06@acme.dev,2025-11-20 13:38:53
18,jadeyard33,jadeyard33@opswise.net,2025-05-06 05:33:12
19,dawnwindow42,dawnwindow42@acme.dev,2026-01-29 02:22:06
20,jadepioneer95,jadepioneer95@example.com,2025-01-10 02:29:29
21,navybeacon24,navybeacon24@seeded.app,2025-02-22 01:13:20
22,cobaltkernel44,cobaltkernel44@acme.dev,2024-11-04 18:31:08
23,clearzenith97,clearzenith97@seeded.app,2024-10-29 16:23:52
24,harborvalley24,harborvalley24@opswise.net,2024-09-07 08:27:26
25,navygarden33,navygarden33@relay.cloud,2025-12-15 00:20:01
26,jadedelta75,jadedelta75@example.com,2024-03-18 06:28:21
27,warmlagoon32,warmlagoon32@opswise.net,2024-07-30 21:49:21
28,forestgarden84,forestgarden84@seeded.app,2025-04-04 13:55:33
29,youngriver44,youngriver44@opswise.net,2025-01-11 06:35:39
30,urbanpioneer61,urbanpioneer61@seeded.app,2024-03-06 14:06:54
31,livelymeadow09,livelymeadow09@seeded.app,2025-07-26 06:24:25
32,proudbeacon14,proudbeacon14@hackstack.io,2024-05-12 20:32:15
33,forestisland91,forestisland91@example.com,2025-10-30 14:14:39
34,amberbeacon84,amberbeacon84@relay.cloud,2024-11-10 02:15:47
35,calmorbit73,calmorbit73@relay.cloud,2025-03-23 05:32:37
36,rapidpioneer01,rapidpioneer01@relay.cloud,2024-08-02 04:50:47
37,youngquartz59,youngquartz59@seeded.app,2024-10-03 01:26:27
38,cobaltlagoon39,cobaltlagoon39@relay.cloud,2024-01-22 22:52:20
39,opalriver48,opalriver48@example.com,2025-03-19 04:17:00
40,clearuplink97,clearuplink97@opswise.net,2025-12-01 21:15:01
41,silvergarden87,silvergarden87@hackstack.io,2025-10-07 08:21:22
42,youngyard63,youngyard63@hackstack.io,2025-11-21 11:11:17
43,youngmeadow51,youngmeadow51@relay.cloud,2025-03-18 18:58:00
44,dawnkernel98,dawnkernel98@opswise.net,2024-11-10 12:36:24
45,melloworbit31,melloworbit31@example.com,2025-12-17 11:54:49
46,jadeharvest08,jadeharvest08@relay.cloud,2024-02-12 15:41:40
47,embercanyon81,embercanyon81@acme.dev,2025-03-05 02:18:26
48,calmharvest06,calmharvest06@hackstack.io,2024-02-24 18:49:40
49,clearvalley52,clearvalley52@acme.dev,2025-10-30 05:21:34
50,silvercanyon39,silvercanyon39@opswise.net,2025-08-03 19:28:59
51,briskisland63,briskisland63@opswise.net,2024-12-28 19:31:25
52,quietgarden12,quietgarden12@relay.cloud,2024-10-14 07:48:31
53,forestgarden55,forestgarden55@acme.dev,2025-01-29 15:34:02
54,livelyorbit03,livelyorbit03@opswise.net,2024-07-23 23:49:40
55,navyuplink53,navyuplink53@relay.cloud,2024-07-18 10:05:36
56,briskorbit02,briskorbit02@seeded.app,2024-12-27 11:27:33
57,dawngarden13,dawngarden13@opswise.net,2024-02-01 13:12:50
58,vividbeacon58,vividbeacon58@seeded.app,2024-01-14 07:27:29
59,dawnwindow03,dawnwindow03@opswise.net,2025-11-03 12:33:40
60,embertrail38,embertrail38@hackstack.io,2025-03-21 03:31:33
61,dawnbeacon21,dawnbeacon21@example.com,2025-05-19 08:47:34
62,goldtrail20,goldtrail20@seeded.app,2024-04-30 14:52:03
63,silvervalley07,silvervalley07@seeded.app,2025-05-11 07:49:06
64,ambersignal16,ambersignal16@example.com,2025-04-11 04:47:24
65,harborgarden46,harborgarden46@example.com,2025-04-29 09:16:16
66,calmmeadow69,calmmeadow69@opswise.net,2024-04-15 15:07:39
67,goldsignal92,goldsignal92@seeded.app,2024-01-28 02:17:18
68,urbangarden93,urbangarden93@opswise.net,2025-05-21 03:17:59
69,harborfield52,harborfield52@opswise.net,2024-12-13 06:22:46
70,dawntrail59,dawntrail59@seeded.app,2025-09-09 06:12:41
71,youngisland82,youngisland82@hackstack.io,2024-04-27 16:07:30
72,calmlagoon99,calmlagoon99@opswise.net,2025-11-23 14:08:51
73,mellowbeacon20,mellowbeacon20@hackstack.io,2024-04-17 05:13:14
74,cobaltquartz69,cobaltquartz69@hackstack.io,2024-12-04 02:23:23
75,clearzenith15,clearzenith15@acme.dev,2024-09-11 13:59:28
76,opalzenith34,opalzenith34@relay.cloud,2024-11-04 12:55:38
77,keenkernel52,keenkernel52@acme.dev,2024-12-20 08:59:37
78,youngwindow41,youngwindow41@seeded.app,2024-01-23 10:26:03
79,vividfield05,vividfield05@relay.cloud,2024-10-01 10:02:16
80,navypioneer24,navypioneer24@hackstack.io,2024-01-13 00:21:50
81,cobaltnetwork79,cobaltnetwork79@acme.dev,2025-08-05 12:06:31
82,vividnetwork03,vividnetwork03@hackstack.io,2025-09-13 12:13:30
83,clearriver55,clearriver55@example.com,2024-10-14 19:44:31
84,rapidnetwork22,rapidnetwork22@relay.cloud,2025-06-12 06:06:59
85,amberwindow85,amberwindow85@relay.cloud,2025-11-06 18:09:47
86,mellowisland06,mellowisland06@acme.dev,2025-06-25 00:48:19
87,dawnzenith19,dawnzenith19@opswise.net,2025-04-14 20:56:57
88,silveryard96,silveryard96@example.com,2024-06-15 22:36:56
89,rapidmeadow61,rapidmeadow61@seeded.app,2025-09-30 23:51:13
90,proudtrail11,proudtrail11@acme.dev,2024-05-08 04:34:34
91,vividfield00,vividfield00@hackstack.io,2025-06-17 12:39:30
92,calmdelta06,calmdelta06@hackstack.io,2025-10-18 13:13:00
93,goldvalley98,goldvalley98@relay.cloud,2025-11-09 23:41:53
94,cleardelta23,cleardelta23@seeded.app,2024-10-29 11:02:45
95,rapidjourney66,rapidjourney66@seeded.app,2025-07-04 14:35:58
96,ivoryzenith14,ivoryzenith14@acme.dev,2025-05-05 20:12:34
97,dawnjourney16,dawnjourney16@relay.cloud,2025-08-21 09:00:47
98,urbanengine35,urbanengine35@seeded.app,2025-10-18 07:03:34
99,quietbeacon25,quietbeacon25@seeded.app,2024-05-31 02:07:31
100,jadewindow99,jadewindow99@example.com,2025-04-06 11:30:02
101,livelywindow80,livelywindow80@seeded.app,2024-09-11 19:06:22
102,harborvalley65,harborvalley65@hackstack.io,2024-10-27 18:36:46
103,goldanchor75,goldanchor75@seeded.app,2025-12-14 12:16:41
104,proudquartz38,proudquartz38@hackstack.io,2024-02-02 17:39:13
105,livelyjourney55,livelyjourney55@acme.dev,2025-09-27 18:12:01
106,navypioneer71,navypioneer71@example.com,2026-01-16 20:29:40
107,opalwindow82,opalwindow82@relay.cloud,2024-01-21 14:20:51
108,jadefield02,jadefield02@acme.dev,2024-02-17 03:41:29
109,goldengine27,goldengine27@opswise.net,2025-04-21 13:13:59
110,youngvalley81,youngvalley81@relay.cloud,2025-07-23 05:28:19
111,keenwindow81,keenwindow81@relay.cloud,2025-05-23 14:39:16
112,ivoryuplink73,ivoryuplink73@seeded.app,2024-10-23 09:33:16
113,goldriver34,goldriver34@seeded.app,2024-01-16 15:50:17
114,cobaltmeadow48,cobaltmeadow48@example.com,2025-07-20 06:24:02
115,vividzenith33,vividzenith33@opswise.net,2024-01-09 04:27:11
116,ivorybeacon31,ivorybeacon31@opswise.net,2025-04-18 21:36:54
117,harborlagoon21,harborlagoon21@relay.cloud,2025-05-19 14:58:04
118,urbanwindow31,urbanwindow31@relay.cloud,2025-10-24 12:58:48
119,clearisland35,clearisland35@acme.dev,2025-03-31 13:26:26
120,quietzenith42,quietzenith42@example.com,2025-09-11 20:25:56
121,goldengine43,goldengine43@relay.cloud,2025-07-06 10:21:28
122,harborbeacon79,harborbeacon79@hackstack.io,2025-04-09 18:02:03
123,quietengine04,quietengine04@relay.cloud,2025-11-12 05:28:53
124,forestdelta40,forestdelta40@acme.dev,2025-07-20 10:58:19
125,rapidmeadow60,rapidmeadow60@hackstack.io,2025-01-12 19:00:03
126,quietdelta64,quietdelta64@opswise.net,2025-05-30 01:20:29
127,amberriver32,amberriver32@acme.dev,2025-07-05 01:23:31
128,harborkernel64,harborkernel64@example.com,2024-01-11 17:58:33
129,jadenetwork07,jadenetwork07@example.com,2025-12-01 07:04:41
130,tidyanchor41,tidyanchor41@example.com,2025-09-21 10:09:17
131,quietquartz76,quietquartz76@opswise.net,2024-12-26 10:05:15
132,goldfield84,goldfield84@seeded.app,2026-01-03 15:40:16
133,amberzenith20,amberzenith20@opswise.net,2024-01-06 09:24:24
134,opalanchor86,opalanchor86@opswise.net,2025-08-17 11:51:49
135,tidysignal68,tidysignal68@opswise.net,2024-08-06 22:15:02
136,harborquartz57,harborquartz57@opswise.net,2024-02-24 10:42:13
137,clearisland34,clearisland34@hackstack.io,2024-01-02 22:57:48
138,livelywindow91,livelywindow91@seeded.app,2024-07-11 02:38:54
139,emberzenith57,emberzenith57@opswise.net,2025-11-23 07:34:51
140,calmjourney62,calmjourney62@relay.cloud,2025-08-21 17:39:12
141,mellowkernel87,mellowkernel87@relay.cloud,2024-09-19 03:35:45
142,cobaltcanyon21,cobaltcanyon21@hackstack.io,2024-03-29 19:39:38
143,keenorbit36,keenorbit36@opswise.net,2024-06-24 23:45:33
144,mellowbeacon66,mellowbeacon66@hackstack.io,2025-12-02 17:10:50
145,cobaltengine88,cobaltengine88@hackstack.io,2025-06-09 18:14:46
146,amberzenith32,amberzenith32@hackstack.io,2024-11-13 07:40:24
147,navyzenith54,navyzenith54@acme.dev,2025-07-13 00:49:30
148,briskcanyon56,briskcanyon56@seeded.app,2024-01-26 22:22:13
149,tidyjourney15,tidyjourney15@opswise.net,2024-10-21 01:57:01
150,dawnyard76,dawnyard76@example.com,2024-03-26 17:07:08
151,briskvalley19,briskvalley19@acme.dev,2025-01-14 16:07:44
152,goldlagoon47,goldlagoon47@relay.cloud,2024-09-13 09:24:17
153,calmcanyon17,calmcanyon17@acme.dev,2024-02-12 08:25:00
154,mellowbeacon16,mellowbeacon16@opswise.net,2025-02-17 23:50:47
155,jadevalley59,jadevalley59@example.com,2025-05-15 03:40:39
156,briskvalley94,briskvalley94@seeded.app,2025-03-07 12:46:49
157,harborcanyon96,harborcanyon96@example.com,2024-06-08 05:47:08
158,livelylagoon48,livelylagoon48@relay.cloud,2025-07-18 18:10:38
159,dawnsignal36,dawnsignal36@seeded.app,2025-11-12 17:09:56
160,embercanyon78,embercanyon78@acme.dev,2025-01-29 08:16:12
161,tidyvalley73,tidyvalley73@opswise.net,2025-07-02 11:01:30
162,mellowdelta00,mellowdelta00@acme.dev,2024-01-29 19:15:45
163,tidyanchor27,tidyanchor27@relay.cloud,2024-08-29 06:23:49
164,tidykernel92,tidykernel92@acme.dev,2024-04-07 05:22:14
165,forestlagoon10,forestlagoon10@acme.dev,2025-11-25 00:43:50
166,warmtrail53,warmtrail53@hackstack.io,2025-10-20 06:11:04
167,proudnetwork59,proudnetwork59@hackstack.io,2025-11-01 04:42:38
168,cobaltharvest55,cobaltharvest55@hackstack.io,2025-07-21 12:39:39
169,mellowjourney37,mellowjourney37@hackstack.io,2024-12-16 06:09:11
170,quietisland96,quietisland96@seeded.app,2024-07-16 03:41:47
171,vividpioneer06,vividpioneer06@example.com,2024-09-22 13:08:34
172,jadelagoon27,jadelagoon27@acme.dev,2025-06-29 15:34:34
173,ambercanyon44,ambercanyon44@relay.cloud,2025-05-27 00:23:15
174,goldharvest60,goldharvest60@relay.cloud,2024-07-27 06:20:43
175,amberisland38,amberisland38@relay.cloud,2024-11-16 20:48:31
176,amberquartz52,amberquartz52@opswise.net,2025-04-24 04:51:55
177,forestzenith59,forestzenith59@relay.cloud,2024-03-10 23:32:50
178,goldbeacon37,goldbeacon37@opswise.net,2025-02-09 20:16:35
179,navybeacon19,navybeacon19@seeded.app,2024-09-14 20:35:30
180,urbanlagoon17,urbanlagoon17@seeded.app,2025-12-14 00:05:55
181,embergarden87,embergarden87@hackstack.io,2025-11-18 10:59:44
182,briskdelta43,briskdelta43@hackstack.io,2025-07-10 06:06:43
183,jadejourney83,jadejourney83@hackstack.io,2024-11-26 18:13:46
184,briskcanyon92,briskcanyon92@relay.cloud,2024-12-13 12:54:05
185,emberquartz86,emberquartz86@relay.cloud,2025-12-12 07:06:54
186,silverzenith36,silverzenith36@acme.dev,2025-08-19 14:54:46
187,calmisland23,calmisland23@seeded.app,2024-12-11 20:14:38
188,keenmeadow00,keenmeadow00@seeded.app,2026-01-15 06:09:12
189,calmkernel59,calmkernel59@example.com,2025-03-04 23:43:34
190,urbanyard14,urbanyard14@hackstack.io,2024-10-26 03:43:05
191,clearjourney48,clearjourney48@seeded.app,2025-10-23 12:43:32
192,keenorbit56,keenorbit56@hackstack.io,2024-05-31 01:21:26
193,emberriver64,emberriver64@example.com,2025-04-08 00:06:59
194,proudbeacon33,proudbeacon33@example.com,2024-09-07 11:31:42
195,warmriver38,warmriver38@example.com,2025-01-16 22:37:21
196,tidyharvest87,tidyharvest87@opswise.net,2024-11-12 19:11:50
197,keenriver43,keenriver43@acme.dev,2025-09-24 18:33:02
198,warmquartz88,warmquartz88@relay.cloud,2024-01-03 15:05:07
199,livelyquartz96,livelyquartz96@relay.cloud,2024-10-06 03:14:57
200,proudnetwork78,proudnetwork78@example.com,2024-02-05 05:45:37
201,youngsignal57,youngsignal57@relay.cloud,2026-01-31 07:37:04
202,vividbeacon08,vividbeacon08@seeded.app,2025-05-29 07:04:04
203,youngharvest58,youngharvest58@example.com,2024-05-03 08:54:08
204,harborvalley40,harborvalley40@opswise.net,2024-06-21 08:38:18
205,livelyvalley57,livelyvalley57@seeded.app,2024-10-05 09:01:59
206,vividvalley07,vividvalley07@acme.dev,2025-10-21 05:16:25
207,silvernetwork39,silvernetwork39@hackstack.io,2026-01-17 10:28:23
208,quietanchor48,quietanchor48@example.com,2025-08-09 03:09:21
209,mellowtrail18,mellowtrail18@acme.dev,2025-05-07 19:58:07
210,calmcanyon18,calmcanyon18@opswise.net,2024-06-15 20:37:03
211,warmriver02,warmriver02@seeded.app,2025-12-25 19:51:56
212,clearlagoon81,clearlagoon81@relay.cloud,2025-11-19 12:37:15
213,cobaltgarden85,cobaltgarden85@opswise.net,2024-07-29 09:25:02
214,urbanwindow43,urbanwindow43@acme.dev,2025-07-12 08:33:53
215,keenquartz23,keenquartz23@example.com,2024-09-24 18:18:38
216,opalriver60,opalriver60@relay.cloud,2024-07-03 19:26:02
217,forestorbit70,forestorbit70@hackstack.io,2025-02-09 03:17:34
218,livelyorbit33,livelyorbit33@seeded.app,2025-12-18 20:08:13
219,dawnvalley21,dawnvalley21@opswise.net,2024-03-06 22:39:18
220,vividfield01,vividfield01@opswise.net,2024-08-19 20:34:24
221,jadecanyon88,jadecanyon88@seeded.app,2024-03-24 01:10:31
222,goldsignal20,goldsignal20@example.com,2025-04-13 09:49:16
223,embergarden61,embergarden61@relay.cloud,2025-08-06 03:46:33
224,quietisland05,quietisland05@acme.dev,2025-02-15 23:12:01
225,cobaltfield13,cobaltfield13@opswise.net,2025-06-23 04:56:10
226,urbanwindow47,urbanwindow47@opswise.net,2025-02-28 16:41:06
227,urbannetwork13,urbannetwork13@example.com,2024-02-21 00:05:20
228,tidygarden70,tidygarden70@hackstack.io,2025-08-14 07:41:41
229,forestsignal91,forestsignal91@example.com,2025-05-14 10:53:43
230,rapidtrail62,rapidtrail62@acme.dev,2024-02-22 01:23:36
231,keenvalley50,keenvalley50@acme.dev,2025-03-30 12:47:14
232,dawnbeacon59,dawnbeacon59@seeded.app,2025-07-26 05:40:23
233,brisktrail39,brisktrail39@acme.dev,2025-09-17 21:05:39
234,forestyard48,forestyard48@acme.dev,2026-01-29 05:47:34
235,youngcanyon76,youngcanyon76@hackstack.io,2024-03-09 08:10:57
236,cobaltuplink65,cobaltuplink65@relay.cloud,2025-02-14 13:36:58
237,foresttrail88,foresttrail88@hackstack.io,2024-06-29 21:26:45
238,goldgarden59,goldgarden59@hackstack.io,2025-09-21 16:59:12
239,opalzenith38,opalzenith38@opswise.net,2024-10-01 05:12:21
240,amberriver01,amberriver01@acme.dev,2024-02-04 19:14:33
241,youngyard59,youngyard59@opswise.net,2024-12-24 07:17:57
242,keentrail52,keentrail52@seeded.app,2024-03-02 06:45:23
243,tidyuplink43,tidyuplink43@hackstack.io,2025-11-22 14:19:45
244,harborpioneer12,harborpioneer12@example.com,2025-07-09 18:31:36
245,proudcanyon88,proudcanyon88@opswise.net,2024-07-16 13:42:50
246,dawnsignal81,dawnsignal81@relay.cloud,2025-04-07 21:56:12
247,jadetrail33,jadetrail33@opswise.net,2024-03-05 04:58:55
248,keennetwork64,keennetwork64@example.com,2024-12-11 03:01:56
249,youngharvest47,youngharvest47@example.com,2025-04-30 00:48:30
250,mellowdelta77,mellowdelta77@hackstack.io,2025-07-01 06:30:21
251,opalharvest10,opalharvest10@hackstack.io,2025-12-01 23:33:20
252,quietcanyon17,quietcanyon17@relay.cloud,2024-09-15 04:26:25
253,livelytrail43,livelytrail43@example.com,2025-08-24 13:36:52
254,opalvalley74,opalvalley74@seeded.app,2024-07-06 02:29:03
255,keenquartz31,keenquartz31@seeded.app,2025-06-26 06:04:16
256,mellowtrail36,mellowtrail36@relay.cloud,2024-03-18 22:55:09
257,livelynetwork10,livelynetwork10@hackstack.io,2024-08-16 09:30:20
258,amberanchor70,amberanchor70@opswise.net,2025-07-15 11:31:22
259,mellowanchor59,mellowanchor59@acme.dev,2024-06-10 19:50:52
260,keenjourney00,keenjourney00@opswise.net,2024-12-02 20:04:56
261,goldquartz89,goldquartz89@seeded.app,2025-05-13 09:40:05
262,mellowzenith95,mellowzenith95@hackstack.io,2024-01-01 17:54:26
263,dawnlagoon89,dawnlagoon89@relay.cloud,2025-08-10 06:59:16
264,keenengine47,keenengine47@relay.cloud,2025-10-31 15:12:09
265,ivorylagoon41,ivorylagoon41@opswise.net,2024-03-25 22:13:28
266,clearquartz17,clearquartz17@hackstack.io,2024-09-05 23:54:19
267,goldlagoon28,goldlagoon28@example.com,2025-07-25 02:27:19
268,dawnfield54,dawnfield54@opswise.net,2025-02-07 21:07:34
269,rapidlagoon62,rapidlagoon62@hackstack.io,2025-09-16 09:45:38
270,jadeisland30,jadeisland30@acme.dev,2024-06-28 00:47:19
271,proudmeadow99,proudmeadow99@hackstack.io,2024-08-06 14:12:35
272,prouduplink06,prouduplink06@relay.cloud,2025-03-16 23:06:34
273,silverdelta17,silverdelta17@example.com,2025-01-26 15:28:24
274,urbanengine45,urbanengine45@hackstack.io,2025-05-20 05:17:37
275,quietnetwork61,quietnetwork61@hackstack.io,2024-11-14 18:38:54
276,quietbeacon52,quietbeacon52@opswise.net,2025-05-05 07:06:19
277,youngengine42,youngengine42@acme.dev,2024-07-11 03:04:01
278,mellowjourney77,mellowjourney77@opswise.net,2025-12-09 16:54:20
279,keentrail55,keentrail55@hackstack.io,2024-03-12 13:24:05
280,quietwindow79,quietwindow79@hackstack.io,2025-11-18 10:23:06
281,livelykernel06,livelykernel06@opswise.net,2025-11-03 04:18:35
282,briskdelta50,briskdelta50@hackstack.io,2024-11-10 03:38:54
283,mellowpioneer85,mellowpioneer85@relay.cloud,2025-06-09 09:54:54
284,mellowjourney09,mellowjourney09@relay.cloud,2025-04-22 07:58:13
285,livelymeadow58,livelymeadow58@opswise.net,2025-10-21 07:43:58
286,urbanharvest29,urbanharvest29@opswise.net,2024-11-01 05:01:51
287,ivoryfield09,ivoryfield09@relay.cloud,2024-04-04 13:05:46
288,harborcanyon55,harborcanyon55@acme.dev,2024-05-24 13:22:53
289,younggarden71,younggarden71@relay.cloud,2024-03-06 01:20:01
290,quietfield86,quietfield86@relay.cloud,2024-01-21 05:12:45
291,keenkernel62,keenkernel62@seeded.app,2024-04-18 03:39:22
292,jadeuplink97,jadeuplink97@hackstack.io,2024-10-06 02:32:42
293,quietdelta45,quietdelta45@opswise.net,2024-10-04 18:01:25
294,forestyard51,forestyard51@opswise.net,2024-07-16 10:05:30
295,prouddelta66,prouddelta66@acme.dev,2024-03-11 08:59:27
296,silverwindow36,silverwindow36@opswise.net,2025-09-12 06:30:22
297,harbornetwork09,harbornetwork09@example.com,2025-01-01 20:55:22
298,cobaltuplink60,cobaltuplink60@hackstack.io,2025-12-25 06:27:09
299,rapidwindow80,rapidwindow80@relay.cloud,2024-07-08 06:16:33
300,urbankernel97,urbankernel97@hackstack.io,2025-10-01 22:13:10
301,tidyuplink74,tidyuplink74@relay.cloud,2024-05-23 08:31:56
302,mellowquartz81,mellowquartz81@acme.dev,2025-05-30 02:25:36
303,silvernetwork60,silvernetwork60@relay.cloud,2025-10-30 08:28:00
304,quiettrail95,quiettrail95@seeded.app,2025-05-04 18:45:10
305,amberzenith94,amberzenith94@hackstack.io,2024-02-08 05:39:53
306,dawnharvest44,dawnharvest44@seeded.app,2025-03-09 06:07:49
307,briskgarden02,briskgarden02@opswise.net,2024-07-14 05:44:12
308,livelyjourney06,livelyjourney06@hackstack.io,2024-04-26 19:52:29
309,goldjourney07,goldjourney07@opswise.net,2024-03-05 18:09:49
310,keenanchor44,keenanchor44@example.com,2024-08-05 10:54:23
311,goldzenith55,goldzenith55@opswise.net,2026-01-31 22:41:24
312,forestsignal79,forestsignal79@acme.dev,2024-05-05 23:08:13
313,opalisland42,opalisland42@relay.cloud,2025-11-02 18:01:12
314,calmharvest48,calmharvest48@opswise.net,2024-01-27 09:49:41
315,rapidharvest96,rapidharvest96@example.com,2025-09-16 16:37:33
316,quietlagoon92,quietlagoon92@seeded.app,2025-10-03 05:12:44
317,keengarden62,keengarden62@example.com,2025-07-23 00:40:43
318,ivoryzenith53,ivoryzenith53@example.com,2024-12-16 17:28:37
319,tidyquartz57,tidyquartz57@seeded.app,2025-03-01 13:10:35
320,proudsignal01,proudsignal01@hackstack.io,2025-08-12 00:35:48
321,cobaltwindow35,cobaltwindow35@acme.dev,2024-11-04 20:11:00
322,urbanharvest04,urbanharvest04@relay.cloud,2024-02-14 22:01:52
323,briskbeacon82,briskbeacon82@acme.dev,2025-04-19 09:01:26
324,navyisland69,navyisland69@acme.dev,2024-04-11 17:20:40
325,dawnjourney73,dawnjourney73@opswise.net,2024-12-01 23:44:50
326,cleardelta51,cleardelta51@acme.dev,2024-12-17 01:41:37
327,vividuplink98,vividuplink98@hackstack.io,2025-03-13 23:33:26
328,goldlagoon96,goldlagoon96@opswise.net,2025-05-16 01:46:58
329,proudlagoon31,proudlagoon31@seeded.app,2025-03-09 01:52:33
330,silverzenith53,silverzenith53@opswise.net,2024-07-26 22:12:14
331,clearnetwork17,clearnetwork17@acme.dev,2024-12-20 13:15:12
332,dawnzenith08,dawnzenith08@seeded.app,2025-04-15 05:35:49
333,proudkernel26,proudkernel26@relay.cloud,2024-12-18 03:26:46
334,ivoryriver98,ivoryriver98@example.com,2024-11-12 22:28:51
335,proudzenith89,proudzenith89@example.com,2025-06-02 18:02:31
336,forestcanyon40,forestcanyon40@seeded.app,2024-12-09 13:15:49
337,proudharvest08,proudharvest08@seeded.app,2025-12-28 11:05:26
338,navynetwork29,navynetwork29@relay.cloud,2024-12-21 07:49:57
339,clearmeadow04,clearmeadow04@hackstack.io,2024-01-04 06:58:28
340,emberorbit81,emberorbit81@seeded.app,2024-01-04 09:31:16
341,clearkernel51,clearkernel51@relay.cloud,2025-02-11 07:43:11
342,harborquartz59,harborquartz59@opswise.net,2024-04-11 07:46:38
343,quietengine03,quietengine03@seeded.app,2024-03-15 03:01:53
344,livelylagoon85,livelylagoon85@example.com,2024-07-15 18:32:46
345,mellowcanyon84,mellowcanyon84@opswise.net,2025-03-09 03:38:18
346,proudwindow80,proudwindow80@seeded.app,2024-07-07 20:33:25
347,opalisland74,opalisland74@example.com,2024-08-05 14:47:10
348,rapidtrail91,rapidtrail91@relay.cloud,2024-04-24 14:48:19
349,cleargarden38,cleargarden38@hackstack.io,2024-10-21 21:27:06
350,tidyyard85,tidyyard85@opswise.net,2024-03-05 16:13:08
351,keenvalley15,keenvalley15@acme.dev,2025-12-30 16:38:41
352,proudanchor39,proudanchor39@example.com,2025-10-08 12:28:36
353,tidytrail48,tidytrail48@opswise.net,2025-08-15 17:06:30
354,cobaltuplink76,cobaltuplink76@opswise.net,2025-12-20 14:04:48
355,mellowzenith50,mellowzenith50@relay.cloud,2025-12-20 16:01:57
356,cobaltisland39,cobaltisland39@example.com,2024-10-27 00:33:07
357,ivoryvalley97,ivoryvalley97@hackstack.io,2025-10-20 04:02:34
358,calmjourney73,calmjourney73@example.com,2025-05-11 20:07:45
359,harboruplink89,harboruplink89@example.com,2024-08-01 14:23:27
360,silverlagoon09,silverlagoon09@acme.dev,2024-07-29 11:50:47
361,forestuplink41,forestuplink41@example.com,2025-05-19 04:35:16
362,quietzenith86,quietzenith86@hackstack.io,2024-11-13 17:11:30
363,opalyard76,opalyard76@relay.cloud,2024-07-14 18:16:58
364,navyuplink87,navyuplink87@seeded.app,2025-02-08 02:38:30
365,calmisland53,calmisland53@relay.cloud,2025-06-25 01:45:51
366,amberisland82,amberisland82@hackstack.io,2025-09-09 23:18:04
367,navyvalley55,navyvalley55@example.com,2025-02-17 02:17:54
368,opalbeacon70,opalbeacon70@opswise.net,2024-03-22 16:11:18
369,proudpioneer97,proudpioneer97@relay.cloud,2024-07-30 09:08:09
370,keenorbit27,keenorbit27@example.com,2025-06-08 14:08:13
371,silvermeadow40,silvermeadow40@relay.cloud,2025-04-11 20:44:26
372,dawndelta13,dawndelta13@hackstack.io,2024-12-28 07:11:15
373,calmsignal98,calmsignal98@relay.cloud,2025-08-13 03:00:45
374,tidymeadow53,tidymeadow53@acme.dev,2024-09-07 22:16:09
375,opalcanyon06,opalcanyon06@acme.dev,2025-04-26 07:07:23
376,navywindow30,navywindow30@seeded.app,2024-03-27 10:10:52
377,jadebeacon94,jadebeacon94@example.com,2024-11-29 11:41:20
378,silverfield20,silverfield20@relay.cloud,2025-10-06 22:50:17
379,harborjourney08,harborjourney08@acme.dev,2025-10-13 02:30:31
380,vividgarden12,vividgarden12@seeded.app,2024-01-23 21:20:09
381,brisktrail37,brisktrail37@opswise.net,2025-06-24 01:33:12
382,cobaltharvest21,cobaltharvest21@hackstack.io,2025-09-11 10:19:59
383,mellowcanyon94,mellowcanyon94@hackstack.io,2024-08-14 10:01:55
384,goldisland51,goldisland51@acme.dev,2024-12-30 01:04:41
385,rapidkernel15,rapidkernel15@seeded.app,2024-05-29 01:00:13
386,mellowmeadow17,mellowmeadow17@hackstack.io,2025-09-18 08:35:04
387,jadekernel52,jadekernel52@seeded.app,2024-12-07 06:16:29
388,ambersignal06,ambersignal06@example.com,2025-02-07 04:15:39
389,forestnetwork70,forestnetwork70@opswise.net,2025-03-25 15:47:43
390,silverisland75,silverisland75@example.com,2024-08-04 20:43:47
391,mellowtrail06,mellowtrail06@opswise.net,2025-01-14 10:01:20
392,amberkernel02,amberkernel02@example.com,2024-07-19 09:52:22
393,briskisland46,briskisland46@opswise.net,2024-08-09 05:07:18
394,clearharvest55,clearharvest55@relay.cloud,2025-08-08 12:12:06
395,warmpioneer74,warmpioneer74@example.com,2025-06-04 12:16:31
396,forestisland87,forestisland87@opswise.net,2024-02-29 00:07:20
397,clearengine39,clearengine39@hackstack.io,2024-10-02 03:04:44
398,harborcanyon23,harborcanyon23@relay.cloud,2025-08-25 00:40:17
399,ivoryquartz86,ivoryquartz86@hackstack.io,2025-04-02 05:21:55
400,ivoryharvest67,ivoryharvest67@seeded.app,2025-07-10 11:00:45
